{
  "rules": {
   "align": [true,
        "parameters",
        "arguments",
        "statements"],
    "class-name": true,
    "comment-format": [true, "check-space"],
    "curly": true,
    "eofline": true,
    "forin": true,
    "indent": [true, "spaces"],
    "interface-name": true,
    "label-position": true,
    "label-undefined": true,
    "jsdoc-format": true,
    "max-line-length": [true, 80],
    "member-ordering": [true,
        "public-before-private",
        "static-before-instance",
        "variables-before-functions"
    ],
    "no-arg": true,
    "no-bitwise": true,
    "no-console": [true,
      "debug",
      "info",
      "time",
      "timeEnd",
      "trace"
    ],
    "no-construct": true,
    "no-debugger": true,
    "no-duplicate-key": true,
    "no-duplicate-variable": true,
    "no-empty": true,
    "no-eval": true,
    "no-require-imports": false,
    "no-shadowed-variable": true,
    "no-string-literal": true,
    "no-switch-case-fall-through": true,
    "no-trailing-whitespace": true,
    "no-unused-expression": true,
    "no-unused-variable": true,
    "no-unreachable": true,
    "no-use-before-declare": true,
    "no-var-keyword": true,
    "one-line": [true,
      "check-open-brace",
      "check-catch",
      "check-else",
      "check-whitespace"
    ],
    "quotemark": [true, "single"],
    "radix": true,
    "semicolon": true,
    "triple-equals": [true, "allow-null-check"],
    "typedef": [true,
        "call-signature",
        "parameter",
        "property-declaration",
        "variable-declaration",
        "member-variable-declaration"
    ],
    "typedef-whitespace": [true, {
        "call-signature": "nospace",
        "index-signature": "nospace",
        "parameter": "nospace",
        "property-declaration": "nospace",
        "variable-declaration": "nospace"
    }],
    "variable-name": [true,
      "allow-leading-underscore"],
    "whitespace": [true,
      "check-branch",
      "check-decl",
      "check-operator",
      "check-separator",
      "check-type"
    ]
  }
}
